{
    "acc": 0.6657780739753415,
    "macro_f1": 0.6536727976192259,
    "invalid_json": 2,
    "n": 3001
}