{
    "acc": 0.6571142952349217,
    "macro_f1": 0.6441133390066632,
    "invalid_json": 3,
    "n": 3001
}