{
  "1_shot": {
    "macro-f1": 0.3929360125457868,
    "accuracy": 0.6899907321594069,
    "invalid": 0,
    "n": 452,
    "shots": 1
  },
  "3_shot": {
    "macro-f1": 0.32748637910025213,
    "accuracy": 0.5180722891566265,
    "invalid": 0,
    "n": 452,
    "shots": 3
  }
}