{
    "p": 0.5541935483870968,
    "r": 0.3980537534754402,
    "micro_f1": 0.4633225458468177,
    "invalid_json": 0,
    "n": 452
}