{
    "zero_shot": {
        "acc": 0.6183333333333333,
        "macro_f1": 0.6141280807222249,
        "invalid_json": 0,
        "n": 3000
    },
    "three_shot": {
        "acc": 0.6106666666666667,
        "macro_f1": 0.6072040570966112,
        "invalid_json": 0,
        "n": 3000
    },
    "five_shot": {
        "acc": 0.6073333333333333,
        "macro_f1": 0.5971400515624455,
        "invalid_json": 0,
        "n": 3000
    }
}