{"zeroS": {"macro-f1": 0.38473839102882396, "accuracy": 0.7215013901760889, "invalid": 0, "n": 452}, "threeS": {"macro-f1": 0.3636231321206219, "accuracy": 0.5500463392029658, "invalid": 0, "n": 452}, "fiveS": {"macro-f1": 0.4114671468658956, "accuracy": 0.7224281742354032, "invalid": 0, "n": 452}}