{
  "zeroS": {
    "p": 0.2784552845528455,
    "r": 0.3663101604278075,
    "micro_f1": 0.3163972286374134,
    "invalid_json": 0,
    "n": 275
  },
  "threeS": {
    "p": 0.5127610208816705,
    "r": 0.3939393939393939,
    "micro_f1": 0.44556451612903225,
    "invalid_json": 0,
    "n": 275
  },
  "fiveS": {
    "p": 0.564134495641345,
    "r": 0.4037433155080214,
    "micro_f1": 0.47064935064935065,
    "invalid_json": 0,
    "n": 275
  }
}