{
    "zero_shot": {
        "acc": 0.42485838053982006,
        "macro_f1": 0.4000665380468436,
        "invalid_json": 151,
        "n": 3001
    },
    "three_shot": {
        "acc": 0.3572142619126958,
        "macro_f1": 0.30302343807324816,
        "invalid_json": 1413,
        "n": 3001
    },
    "five_shot": {
        "acc": 0.3702099300233256,
        "macro_f1": 0.30046511281712096,
        "invalid_json": 712,
        "n": 3001
    }
}