{"zeroS": {"macro-f1": 0.4547855273776411, "accuracy": 0.8257645968489342, "invalid": 0, "n": 452}}