{"zeroS": {"macro-f1": 0.38442089564732757, "accuracy": 0.7210379981464319, "invalid": 0, "n": 452}, "threeS": {"macro-f1": 0.36373039679510055, "accuracy": 0.5500463392029658, "invalid": 0, "n": 452}, "fiveS": {"macro-f1": 0.40859609553629433, "accuracy": 0.7205746061167748, "invalid": 0, "n": 452}}