{
  "zeroS": {
    "p": 0.36676954732510286,
    "r": 0.3303985171455051,
    "micro_f1": 0.3476352998537299,
    "invalid_json": 0,
    "n": 452
  },
  "threeS": {
    "p": 0.55703125,
    "r": 0.3303985171455051,
    "micro_f1": 0.4147760325770797,
    "invalid_json": 0,
    "n": 452
  },
  "fiveS": {
    "p": 0.599694423223835,
    "r": 0.3637627432808156,
    "micro_f1": 0.4528410729737526,
    "invalid_json": 0,
    "n": 452
  }
}