{
    "p": 0.6740196078431373,
    "r": 0.6371640407784986,
    "micro_f1": 0.6550738446879466,
    "invalid_json": 0,
    "n": 452
}