{
  "precision": 0.6770276833414279,
  "recall": 0.6459684893419834,
  "micro-f1": 0.6611335072326298,
  "invalid_json": 1,
  "n": 452
}