{
    "accuracy": 0.7607464178607131,
    "macro_f1": 0.7636783023426688,
    "invalid_json": 71,
    "n": 3001
}