{
    "accuracy": 0.6537820726424525,
    "macro_f1": 0.6601631395134966,
    "invalid_json": 375,
    "n": 3001
}