{
    "acc": 0.8438368860055607,
    "macro_f1": 0.47369641150233716,
    "n": 2158
}