{
  "micro-f1": 0.45199216198563036,
  "precision": 0.7654867256637168,
  "recall": 0.3206672845227062
}