{
    "acc": 0.8443002780352178,
    "macro_f1": 0.43531375153923546,
    "n": 2158
}