{
  "micro-f1": 0.44850065189048244,
  "precision": 0.756043956043956,
  "recall": 0.31881371640407785
}