{
    "acc": 0.7420859713428857,
    "macro_f1": 0.7431071009003031,
    "n": 3001
}