{
    "acc": 0.696434521826058,
    "macro_f1": 0.6956925074439099,
    "n": 3001
}