{
    "acc": 0.7057647450849717,
    "macro_f1": 0.707564833744143,
    "n": 3001
}