{
    "acc": 0.6284571809396867,
    "macro_f1": 0.630489069812283,
    "n": 3001
}